<?xml version="1.0" encoding="UTF-8"?>
<!DOCTYPE hibernate-configuration PUBLIC "-//Hibernate/Hibernate Configuration DTD 3.0//EN" "http://hibernate.sourceforge.net/hibernate-configuration-3.0.dtd">
<hibernate-configuration>
  <session-factory>
    <property name="hibernate.dialect">org.hibernate.dialect.MySQLDialect</property>
    <property name="hibernate.connection.driver_class">com.mysql.jdbc.Driver</property>
    <property name="hibernate.connection.url">jdbc:mysql://localhost:3306/touristfriend_db?zeroDateTimeBehavior=convertToNull</property>
    <property name="hibernate.connection.username">root</property>
    
    <property name="hibernate.show_sql">false</property>
    <property name="hibernate.generate_statistics">false</property>
    <property name="hibernate.connection.zeroDateTimeBehavior">convertToNull</property>
    
    <mapping class="sust.classnotfound.touristfriend.entity.District"/>
    <mapping class="sust.classnotfound.touristfriend.entity.Location"/>
    <mapping class="sust.classnotfound.touristfriend.entity.Photos"/>
    <mapping class="sust.classnotfound.touristfriend.entity.Place"/>
    <mapping class="sust.classnotfound.touristfriend.entity.RatingMapping"/>
    <mapping class="sust.classnotfound.touristfriend.entity.Season"/>
    <mapping class="sust.classnotfound.touristfriend.entity.Type"/>
    <mapping class="sust.classnotfound.touristfriend.entity.User"/>
  </session-factory>
</hibernate-configuration>
